step,action,position_state,balance,equity,drawdown_pct
31,BUY,1,10000.0,9999.95,0.0005
32,SELL,-1,10001.09,10001.04,0.0
33,SELL,-1,10001.09,10008.79,0.0
34,SELL,-1,10001.09,10016.66,0.0
35,SELL,-1,10001.09,10023.59,0.0
36,SELL,-1,10001.09,10033.009999999998,0.0
38,SELL,-1,10001.09,10086.529999999999,0.0
41,SELL,-1,10001.09,10055.869999999999,0.304
42,CLOSE,0,10051.97,10051.97,0.3426
43,SELL,-1,10051.97,10051.919999999998,0.3431
44,SELL,-1,10051.97,10064.88,0.2146
45,SELL,-1,10051.97,10114.57,0.0
46,BUY,1,10186.039999999999,10185.989999999998,0.0
47,BUY,1,10186.039999999999,10184.169999999998,0.0179
49,SELL,-1,10251.91,10251.86,0.0
50,BUY,1,10276.869999999999,10276.82,0.0
53,SELL,-1,10277.439999999999,10277.39,0.0121
54,BUY,1,10288.379999999997,10288.329999999998,0.0
55,BUY,1,10288.379999999997,10293.759999999998,0.0
56,BUY,1,10288.379999999997,10306.729999999996,0.0
57,SELL,-1,10298.529999999997,10298.479999999996,0.08
58,CLOSE,0,10301.819999999996,10301.819999999996,0.0476
59,BUY,1,10301.819999999996,10301.769999999997,0.0481
61,BUY,1,10301.819999999996,10313.069999999996,0.003
62,SELL,-1,10328.679999999997,10328.629999999997,0.0
65,BUY,1,10336.659999999996,10336.609999999997,0.0429
68,BUY,1,10336.659999999996,10339.809999999996,0.0195
69,CLOSE,0,10338.909999999996,10338.909999999996,0.0282
70,SELL,-1,10338.909999999996,10338.859999999997,0.0287
72,BUY,1,10370.089999999997,10370.039999999997,0.0426
73,SELL,-1,10364.099999999997,10364.049999999996,0.1003
74,SELL,-1,10364.099999999997,10362.199999999997,0.1182
75,BUY,1,10382.549999999996,10382.499999999996,0.0
76,BUY,1,10382.549999999996,10385.109999999995,0.0
79,CLOSE,0,10420.289999999995,10420.289999999995,0.0
80,SELL,-1,10420.289999999995,10420.239999999994,0.0005
81,CLOSE,0,10427.259999999995,10427.259999999995,0.0
82,SELL,-1,10427.259999999995,10427.209999999995,0.0005
83,CLOSE,0,10433.909999999994,10433.909999999994,0.0
84,SELL,-1,10433.909999999994,10433.859999999993,0.0005
85,BUY,1,10432.969999999994,10432.919999999995,0.0095
86,SELL,-1,10440.359999999993,10440.309999999994,0.0
87,SELL,-1,10440.359999999993,10440.249999999993,0.0006
89,CLOSE,0,10443.889999999992,10443.889999999992,0.0
90,SELL,-1,10443.889999999992,10443.839999999993,0.0005
91,SELL,-1,10443.889999999992,10439.179999999993,0.0451
92,BUY,1,10496.349999999991,10496.299999999992,0.0
95,SELL,-1,10504.509999999991,10504.459999999992,0.0
96,SELL,-1,10504.509999999991,10508.57999999999,0.0
97,BUY,1,10523.44999999999,10523.39999999999,0.0
98,CLOSE,0,10530.43999999999,10530.43999999999,0.0
99,SELL,-1,10530.43999999999,10530.389999999989,0.0005
100,CLOSE,0,10543.19999999999,10543.19999999999,0.0
101,CLOSE,0,10543.19999999999,10543.19999999999,0.0
102,SELL,-1,10543.19999999999,10543.14999999999,0.0005
104,BUY,1,10556.58999999999,10556.53999999999,0.0
105,SELL,-1,10561.17999999999,10561.12999999999,0.0
108,BUY,1,10562.399999999989,10562.349999999988,0.0431
109,SELL,-1,10570.799999999988,10570.749999999989,0.0
110,SELL,-1,10570.799999999988,10584.169999999987,0.0
111,BUY,1,10588.199999999988,10588.149999999987,0.0
112,BUY,1,10588.199999999988,10601.099999999988,0.0
114,SELL,-1,10617.679999999988,10617.629999999986,0.0
115,CLOSE,0,10623.119999999988,10623.119999999988,0.0
116,CLOSE,0,10623.119999999988,10623.119999999988,0.0
117,SELL,-1,10623.119999999988,10623.069999999989,0.0005
120,CLOSE,0,10626.349999999988,10626.349999999988,0.0606
122,SELL,-1,10626.349999999988,10626.299999999988,0.061
123,BUY,1,10648.569999999987,10648.519999999986,0.0
124,SELL,-1,10650.879999999986,10650.829999999987,0.0
126,SELL,-1,10650.879999999986,10656.539999999986,0.0
127,SELL,-1,10650.879999999986,10660.349999999986,0.0
128,BUY,1,10668.869999999986,10668.819999999985,0.0
129,SELL,-1,10671.999999999985,10671.949999999986,0.0
130,BUY,1,10676.599999999984,10676.549999999985,0.0
131,BUY,1,10676.599999999984,10676.589999999984,0.0
132,BUY,1,10676.599999999984,10678.809999999983,0.0
134,SELL,-1,10765.449999999983,10765.399999999983,0.0
135,BUY,1,10770.619999999983,10770.569999999982,0.0
136,CLOSE,0,10777.309999999983,10777.309999999983,0.0
138,BUY,1,10777.309999999983,10777.259999999984,0.0005
139,BUY,1,10777.309999999983,10781.579999999984,0.0
140,SELL,-1,10787.299999999983,10787.249999999982,0.0
144,SELL,-1,10787.299999999983,10789.529999999982,0.038
145,SELL,-1,10787.299999999983,10794.519999999982,0.0
146,SELL,-1,10787.299999999983,10795.689999999984,0.0
147,SELL,-1,10787.299999999983,10803.329999999984,0.0
148,CLOSE,0,10808.129999999983,10808.129999999983,0.0
149,CLOSE,0,10808.129999999983,10808.129999999983,0.0
151,SELL,-1,10808.129999999983,10808.079999999984,0.0005
153,SELL,-1,10808.129999999983,10815.969999999983,0.0084
154,BUY,1,10819.809999999983,10819.759999999984,0.0
155,CLOSE,0,10847.339999999982,10847.339999999982,0.0
156,SELL,-1,10847.339999999982,10847.289999999983,0.0005
157,CLOSE,0,10853.629999999981,10853.629999999981,0.0
158,BUY,1,10853.629999999981,10853.57999999998,0.0005
159,SELL,-1,10856.25999999998,10856.209999999981,0.0
160,SELL,-1,10856.25999999998,10869.76999999998,0.0
162,CLOSE,0,10867.049999999981,10867.049999999981,0.0555
163,BUY,1,10867.049999999981,10866.999999999982,0.056
164,BUY,1,10867.049999999981,10870.449999999983,0.0243
165,CLOSE,0,10874.53999999998,10874.53999999998,0.0
166,BUY,1,10874.53999999998,10874.48999999998,0.0005
167,CLOSE,0,10880.14999999998,10880.14999999998,0.0
168,CLOSE,0,10880.14999999998,10880.14999999998,0.0
169,BUY,1,10880.14999999998,10880.09999999998,0.0005
170,BUY,1,10880.14999999998,10886.97999999998,0.0
171,SELL,-1,10888.409999999978,10888.359999999979,0.0
172,BUY,1,10894.749999999978,10894.699999999979,0.0
173,BUY,1,10894.749999999978,10898.409999999978,0.0
174,BUY,1,10894.749999999978,10894.749999999978,0.0336
175,CLOSE,0,10904.869999999977,10904.869999999977,0.0
176,CLOSE,0,10904.869999999977,10904.869999999977,0.0
177,BUY,1,10904.869999999977,10904.819999999978,0.0005
178,CLOSE,0,10914.589999999976,10914.589999999976,0.0
179,BUY,1,10914.589999999976,10914.539999999975,0.0005
180,CLOSE,0,10913.809999999976,10913.809999999976,0.0071
182,CLOSE,0,10913.809999999976,10913.809999999976,0.0071
183,BUY,1,10913.809999999976,10913.759999999977,0.0076
185,CLOSE,0,10915.749999999975,10915.749999999975,0.0
186,CLOSE,0,10915.749999999975,10915.749999999975,0.0
188,SELL,-1,10915.749999999975,10915.699999999975,0.0005
191,SELL,-1,10915.749999999975,10920.449999999975,0.0186
197,BUY,1,11012.469999999974,11012.419999999973,0.0
198,BUY,1,11012.469999999974,11006.939999999973,0.0498
199,SELL,-1,11011.429999999973,11011.379999999972,0.0094
200,SELL,-1,11011.429999999973,11015.469999999972,0.0
202,BUY,1,11029.919999999973,11029.869999999974,0.0
203,BUY,1,11029.919999999973,11035.319999999972,0.0
204,BUY,1,11029.919999999973,11046.159999999973,0.0
206,CLOSE,0,11050.699999999972,11050.699999999972,0.007
207,CLOSE,0,11050.699999999972,11050.699999999972,0.007
208,BUY,1,11050.699999999972,11050.649999999972,0.0074
209,SELL,-1,11054.31999999997,11054.269999999971,0.0
210,BUY,1,11058.28999999997,11058.239999999969,0.0
211,CLOSE,0,11056.499999999969,11056.499999999969,0.0157
212,CLOSE,0,11056.499999999969,11056.499999999969,0.0157
213,BUY,1,11056.499999999969,11056.449999999968,0.0162
214,SELL,-1,11061.399999999969,11061.34999999997,0.0
215,BUY,1,11061.949999999968,11061.899999999969,0.0
216,SELL,-1,11074.739999999969,11074.68999999997,0.0
217,SELL,-1,11074.739999999969,11073.859999999968,0.0075
218,BUY,1,11172.41999999997,11172.36999999997,0.0
219,SELL,-1,11164.859999999968,11164.809999999969,0.0677
220,SELL,-1,11164.859999999968,11174.479999999967,0.0
222,CLOSE,0,11178.519999999968,11178.519999999968,0.0
224,BUY,1,11178.519999999968,11178.469999999968,0.0004
225,BUY,1,11178.519999999968,11182.299999999967,0.0
226,BUY,1,11178.519999999968,11176.609999999968,0.0509
227,CLOSE,0,11180.109999999968,11180.109999999968,0.0196
229,CLOSE,0,11180.109999999968,11180.109999999968,0.0196
230,BUY,1,11180.109999999968,11180.059999999969,0.02
232,BUY,1,11180.109999999968,11188.919999999967,0.0095
234,BUY,1,11180.109999999968,11205.439999999968,0.0
235,BUY,1,11180.109999999968,11222.249999999967,0.0
236,SELL,-1,11218.679999999968,11218.629999999968,0.0323
237,BUY,1,11237.289999999968,11237.239999999969,0.0
238,BUY,1,11237.289999999968,11245.919999999967,0.0
239,BUY,1,11237.289999999968,11254.749999999967,0.0
241,BUY,1,11237.289999999968,11263.659999999967,0.0
242,SELL,-1,11261.549999999967,11261.499999999967,0.0192
243,CLOSE,0,11260.759999999966,11260.759999999966,0.0257
244,SELL,-1,11260.759999999966,11260.709999999966,0.0262
245,CLOSE,0,11259.649999999965,11259.649999999965,0.0356
246,SELL,-1,11259.649999999965,11259.599999999966,0.036
247,BUY,1,11270.199999999964,11270.149999999965,0.0
248,SELL,-1,11273.749999999964,11273.699999999964,0.0
249,CLOSE,0,11276.939999999962,11276.939999999962,0.0
250,SELL,-1,11276.939999999962,11276.889999999963,0.0004
252,SELL,-1,11276.939999999962,11283.939999999962,0.0
253,BUY,1,11288.28999999996,11288.239999999962,0.0
254,BUY,1,11288.28999999996,11289.36999999996,0.0
255,CLOSE,0,11294.00999999996,11294.00999999996,0.0
256,SELL,-1,11294.00999999996,11293.95999999996,0.0004
257,SELL,-1,11294.00999999996,11291.57999999996,0.0215
258,BUY,1,11297.599999999959,11297.54999999996,0.0
259,BUY,1,11297.599999999959,11302.689999999959,0.0
260,BUY,1,11297.599999999959,11303.989999999958,0.0
261,BUY,1,11297.599999999959,11303.309999999958,0.006
262,BUY,1,11297.599999999959,11296.259999999958,0.0684
263,SELL,-1,11289.20999999996,11289.15999999996,0.1312
267,SELL,-1,11289.20999999996,11296.40999999996,0.0671
268,CLOSE,0,11297.699999999959,11297.699999999959,0.0556
269,CLOSE,0,11297.699999999959,11297.699999999959,0.0556
272,CLOSE,0,11297.699999999959,11297.699999999959,0.0556
273,BUY,1,11297.699999999959,11297.649999999958,0.0561
274,CLOSE,0,11292.689999999959,11292.689999999959,0.1
276,SELL,-1,11292.689999999959,11292.63999999996,0.1004
277,SELL,-1,11292.689999999959,11314.47999999996,0.0
279,SELL,-1,11292.689999999959,11332.70999999996,0.0
280,SELL,-1,11292.689999999959,11354.63999999996,0.0
281,BUY,1,11484.879999999957,11484.829999999958,0.0
282,SELL,-1,11477.489999999958,11477.439999999959,0.0643
283,BUY,1,11508.269999999957,11508.219999999958,0.0
284,BUY,1,11508.269999999957,11496.429999999957,0.1024
285,BUY,1,11508.269999999957,11483.039999999957,0.2188
286,CLOSE,0,11486.909999999956,11486.909999999956,0.1852
287,BUY,1,11486.909999999956,11486.859999999957,0.1856
288,BUY,1,11486.909999999956,11507.609999999957,0.0053
289,BUY,1,11486.909999999956,11493.529999999955,0.1276
291,BUY,1,11486.909999999956,11503.529999999955,0.0408
292,BUY,1,11486.909999999956,11497.319999999956,0.0947
293,BUY,1,11486.909999999956,11502.839999999956,0.0467
294,BUY,1,11486.909999999956,11482.029999999955,0.2276
295,BUY,1,11486.909999999956,11482.069999999956,0.2272
296,BUY,1,11486.909999999956,11477.129999999956,0.2702
298,BUY,1,11486.909999999956,11484.689999999955,0.2045
302,BUY,1,11486.909999999956,11477.889999999956,0.2636
303,BUY,1,11486.909999999956,11486.739999999956,0.1866
304,BUY,1,11486.909999999956,11492.879999999956,0.1333
305,BUY,1,11486.909999999956,11504.859999999957,0.0292
307,BUY,1,11486.909999999956,11521.269999999957,0.0
308,BUY,1,11486.909999999956,11505.849999999955,0.1338
309,BUY,1,11486.909999999956,11492.089999999956,0.2533
311,BUY,1,11486.909999999956,11490.499999999956,0.2671
312,BUY,1,11486.909999999956,11471.809999999956,0.4293
314,BUY,1,11486.909999999956,11461.469999999956,0.519
315,CLOSE,0,11456.509999999955,11456.509999999955,0.5621
316,CLOSE,0,11456.509999999955,11456.509999999955,0.5621
317,BUY,1,11456.509999999955,11456.459999999955,0.5625
318,BUY,1,11456.509999999955,11473.699999999955,0.4129
319,BUY,1,11456.509999999955,11476.329999999954,0.3901
320,BUY,1,11456.509999999955,11480.469999999954,0.3541
322,SELL,-1,11496.479999999956,11496.429999999957,0.2156
323,BUY,1,12051.339999999956,12051.289999999957,0.0
324,BUY,1,12051.339999999956,12056.379999999957,0.0
325,BUY,1,12051.339999999956,12135.769999999957,0.0
326,BUY,1,12051.339999999956,12124.779999999955,0.0906
327,CLOSE,0,12173.909999999956,12173.909999999956,0.0
328,BUY,1,12173.909999999956,12173.859999999957,0.0004
329,BUY,1,12173.909999999956,12204.569999999956,0.0
330,CLOSE,0,12197.959999999955,12197.959999999955,0.0542
331,BUY,1,12197.959999999955,12197.909999999956,0.0546
332,SELL,-1,12232.649999999954,12232.599999999955,0.0
333,BUY,1,12311.279999999953,12311.229999999952,0.0
334,SELL,-1,12339.589999999953,12339.539999999954,0.0
335,CLOSE,0,12329.169999999953,12329.169999999953,0.084
336,SELL,-1,12329.169999999953,12329.119999999952,0.0844
337,SELL,-1,12329.169999999953,12340.939999999951,0.0
338,BUY,1,12328.929999999953,12328.879999999954,0.0977
339,SELL,-1,12516.899999999952,12516.849999999951,0.0
340,BUY,1,12573.909999999953,12573.859999999953,0.0
341,CLOSE,0,12586.419999999951,12586.419999999951,0.0
342,SELL,-1,12586.419999999951,12586.369999999952,0.0004
343,CLOSE,0,12612.30999999995,12612.30999999995,0.0
344,SELL,-1,12612.30999999995,12612.259999999951,0.0004
345,CLOSE,0,12624.319999999949,12624.319999999949,0.0
348,SELL,-1,12624.319999999949,12624.26999999995,0.0004
349,BUY,1,12642.409999999949,12642.35999999995,0.0
351,BUY,1,12642.409999999949,12658.129999999948,0.0
353,BUY,1,12642.409999999949,12653.259999999947,0.0385
354,BUY,1,12642.409999999949,12662.059999999949,0.0
355,BUY,1,12642.409999999949,12672.489999999947,0.0
356,BUY,1,12642.409999999949,12672.189999999948,0.0024
357,BUY,1,12642.409999999949,12668.239999999947,0.0335
358,CLOSE,0,12673.569999999949,12673.569999999949,0.0
359,SELL,-1,12673.569999999949,12673.51999999995,0.0004
360,SELL,-1,12673.569999999949,12692.889999999948,0.0
361,BUY,1,12699.099999999948,12699.049999999948,0.0
362,CLOSE,0,12707.879999999946,12707.879999999946,0.0
363,BUY,1,12707.879999999946,12707.829999999947,0.0004
364,BUY,1,12707.879999999946,12720.609999999946,0.0
365,SELL,-1,12856.649999999947,12856.599999999948,0.0
366,SELL,-1,12856.649999999947,12852.179999999946,0.0344
367,CLOSE,0,12866.319999999947,12866.319999999947,0.0
368,CLOSE,0,12866.319999999947,12866.319999999947,0.0
369,BUY,1,12866.319999999947,12866.269999999946,0.0004
370,CLOSE,0,12873.249999999945,12873.249999999945,0.0
371,SELL,-1,12873.249999999945,12873.199999999946,0.0004
372,BUY,1,12882.279999999944,12882.229999999945,0.0
373,SELL,-1,12888.299999999945,12888.249999999945,0.0
374,SELL,-1,12888.299999999945,12891.999999999945,0.0
379,BUY,1,12898.059999999945,12898.009999999944,0.0134
380,BUY,1,12898.059999999945,12904.449999999946,0.0
381,BUY,1,12898.059999999945,12913.419999999946,0.0
382,BUY,1,12898.059999999945,12925.539999999946,0.0
383,SELL,-1,12929.039999999944,12928.989999999943,0.0
384,SELL,-1,12929.039999999944,12933.609999999944,0.0
385,SELL,-1,12929.039999999944,12934.589999999944,0.0
386,CLOSE,0,13064.709999999945,13064.709999999945,0.0
389,BUY,1,13064.709999999945,13064.659999999945,0.0004
390,SELL,-1,13057.239999999943,13057.189999999944,0.0576
391,SELL,-1,13057.239999999943,13073.949999999943,0.0
392,BUY,1,13082.659999999943,13082.609999999942,0.0
393,BUY,1,13082.659999999943,13090.719999999943,0.0
394,BUY,1,13082.659999999943,13093.739999999943,0.0
397,BUY,1,13082.659999999943,13086.479999999943,0.0661
398,BUY,1,13082.659999999943,13087.879999999943,0.0554
399,SELL,-1,13104.789999999943,13104.739999999943,0.0
400,BUY,1,13118.109999999942,13118.059999999943,0.0
402,CLOSE,0,13131.389999999941,13131.389999999941,0.0154
403,SELL,-1,13131.389999999941,13131.339999999942,0.0158
404,CLOSE,0,13133.589999999942,13133.589999999942,0.0
405,BUY,1,13133.589999999942,13133.539999999943,0.0004
406,CLOSE,0,13152.399999999941,13152.399999999941,0.0
407,SELL,-1,13152.399999999941,13152.34999999994,0.0004
408,SELL,-1,13152.399999999941,13155.11999999994,0.0
409,SELL,-1,13152.399999999941,13158.969999999941,0.0
411,SELL,-1,13152.399999999941,13160.27999999994,0.0
412,SELL,-1,13152.399999999941,13173.389999999941,0.0
413,SELL,-1,13152.399999999941,13172.339999999942,0.008
414,SELL,-1,13152.399999999941,13183.179999999942,0.0
415,CLOSE,0,13177.589999999942,13177.589999999942,0.0424
417,CLOSE,0,13177.589999999942,13177.589999999942,0.0424
418,CLOSE,0,13177.589999999942,13177.589999999942,0.0424
419,BUY,1,13177.589999999942,13177.539999999943,0.0428
420,SELL,-1,13180.649999999943,13180.599999999944,0.0196
421,BUY,1,13193.539999999943,13193.489999999943,0.0
424,BUY,1,13193.539999999943,13192.679999999942,0.0061
425,BUY,1,13193.539999999943,13199.159999999942,0.0
426,BUY,1,13193.539999999943,13197.459999999943,0.0129
427,BUY,1,13193.539999999943,13202.209999999943,0.0
429,BUY,1,13193.539999999943,13305.979999999943,0.0143
430,CLOSE,0,13317.579999999944,13317.579999999944,0.0
431,BUY,1,13317.579999999944,13317.529999999944,0.0004
432,SELL,-1,13319.139999999943,13319.089999999942,0.0
433,CLOSE,0,13330.389999999941,13330.389999999941,0.0
434,BUY,1,13330.389999999941,13330.339999999942,0.0004
435,BUY,1,13330.389999999941,13336.269999999942,0.0
436,BUY,1,13330.389999999941,13342.889999999941,0.0
438,CLOSE,0,13341.75999999994,13341.75999999994,0.0085
439,SELL,-1,13341.75999999994,13341.709999999941,0.0088
440,SELL,-1,13341.75999999994,13350.46999999994,0.0
442,SELL,-1,13341.75999999994,13342.859999999939,0.071
443,SELL,-1,13341.75999999994,13347.14999999994,0.0389
444,CLOSE,0,13347.02999999994,13347.02999999994,0.0398
445,BUY,1,13347.02999999994,13346.979999999941,0.0401
446,CLOSE,0,13348.979999999941,13348.979999999941,0.0252
448,BUY,1,13348.979999999941,13348.929999999942,0.0255
449,SELL,-1,13370.209999999941,13370.159999999942,0.0
450,SELL,-1,13370.209999999941,13369.11999999994,0.0078
451,SELL,-1,13370.209999999941,13370.879999999941,0.0
452,SELL,-1,13370.209999999941,13372.55999999994,0.0
453,BUY,1,13377.34999999994,13377.299999999941,0.0
454,BUY,1,13377.34999999994,13377.12999999994,0.0013
455,BUY,1,13377.34999999994,13384.58999999994,0.0
457,BUY,1,13377.34999999994,13390.84999999994,0.0
458,SELL,-1,13397.15999999994,13397.109999999939,0.0
459,CLOSE,0,13397.97999999994,13397.97999999994,0.0
460,BUY,1,13397.97999999994,13397.929999999938,0.0004
461,SELL,-1,13396.91999999994,13396.86999999994,0.0083
464,SELL,-1,13396.91999999994,13408.979999999941,0.0
467,SELL,-1,13396.91999999994,13423.319999999942,0.0
468,BUY,1,13417.479999999941,13417.429999999942,0.0439
469,BUY,1,13417.479999999941,13421.919999999942,0.0104
470,BUY,1,13417.479999999941,13568.109999999942,0.0
471,BUY,1,13417.479999999941,13579.789999999943,0.0
473,SELL,-1,13601.019999999942,13600.969999999943,0.0
474,BUY,1,13616.179999999942,13616.129999999943,0.0
475,BUY,1,13616.179999999942,13623.879999999943,0.0
476,SELL,-1,13631.469999999943,13631.419999999944,0.0
477,BUY,1,13649.169999999944,13649.119999999944,0.0
478,SELL,-1,13655.489999999943,13655.439999999944,0.0
479,CLOSE,0,13644.069999999943,13644.069999999943,0.0833
480,CLOSE,0,13644.069999999943,13644.069999999943,0.0833
481,SELL,-1,13644.069999999943,13644.019999999942,0.0836
482,CLOSE,0,13654.429999999942,13654.429999999942,0.0074
483,SELL,-1,13654.429999999942,13654.379999999943,0.0078
484,BUY,1,13654.519999999942,13654.469999999943,0.0071
485,BUY,1,13654.519999999942,13658.419999999942,0.0
486,BUY,1,13654.519999999942,13650.879999999943,0.0552
488,BUY,1,13654.519999999942,13669.969999999943,0.0
489,SELL,-1,13666.569999999942,13666.519999999942,0.0252
490,SELL,-1,13666.569999999942,13661.00999999994,0.0655
491,BUY,1,13817.049999999941,13816.999999999942,0.0
492,BUY,1,13817.049999999941,13827.39999999994,0.0
493,BUY,1,13817.049999999941,13824.53999999994,0.0207
494,BUY,1,13817.049999999941,13834.85999999994,0.0
495,CLOSE,0,13857.26999999994,13857.26999999994,0.0
496,CLOSE,0,13857.26999999994,13857.26999999994,0.0
497,CLOSE,0,13857.26999999994,13857.26999999994,0.0
499,SELL,-1,13857.26999999994,13857.21999999994,0.0004
500,SELL,-1,13857.26999999994,13863.97999999994,0.0
502,BUY,1,13877.50999999994,13877.459999999941,0.0
505,SELL,-1,13878.11999999994,13878.069999999942,0.0177
506,CLOSE,0,13877.75999999994,13877.75999999994,0.0199
507,SELL,-1,13877.75999999994,13877.709999999941,0.0202
509,BUY,1,13878.43999999994,13878.389999999941,0.0426
510,BUY,1,13878.43999999994,13874.55999999994,0.0702
511,BUY,1,13878.43999999994,13881.549999999941,0.0199
512,BUY,1,13878.43999999994,13914.96999999994,0.0
513,CLOSE,0,13911.299999999941,13911.299999999941,0.0264
515,SELL,-1,13911.299999999941,13911.249999999942,0.0267
516,CLOSE,0,13925.32999999994,13925.32999999994,0.0
517,CLOSE,0,13925.32999999994,13925.32999999994,0.0
518,BUY,1,13925.32999999994,13925.27999999994,0.0004
519,CLOSE,0,13945.65999999994,13945.65999999994,0.0
520,BUY,1,13945.65999999994,13945.609999999939,0.0004
522,BUY,1,13945.65999999994,13948.949999999939,0.0
524,BUY,1,13945.65999999994,13957.16999999994,0.0
526,CLOSE,0,13959.22999999994,13959.22999999994,0.0
531,SELL,-1,13959.22999999994,13959.179999999938,0.0004
532,BUY,1,13959.39999999994,13959.34999999994,0.0
533,BUY,1,13959.39999999994,13917.02999999994,0.3032
534,BUY,1,13959.39999999994,13910.79999999994,0.3478
536,SELL,-1,13923.31999999994,13923.269999999939,0.2585
537,SELL,-1,13923.31999999994,13925.08999999994,0.2454
538,BUY,1,13937.13999999994,13937.089999999938,0.1595
541,BUY,1,13937.13999999994,13961.019999999939,0.0
542,CLOSE,0,13975.979999999938,13975.979999999938,0.0
543,SELL,-1,13975.979999999938,13975.929999999938,0.0004
544,BUY,1,13976.099999999937,13976.049999999937,0.0
546,SELL,-1,13979.779999999937,13979.729999999938,0.0
547,BUY,1,13999.199999999935,13999.149999999936,0.0
548,BUY,1,13999.199999999935,14002.939999999935,0.0
549,SELL,-1,14008.979999999934,14008.929999999935,0.0
550,SELL,-1,14008.979999999934,14017.799999999934,0.0
551,SELL,-1,14008.979999999934,14023.649999999934,0.0
552,BUY,1,14033.879999999934,14033.829999999933,0.0
553,BUY,1,14033.879999999934,14017.459999999934,0.1166
554,BUY,1,14033.879999999934,14208.249999999935,0.0
555,SELL,-1,14218.129999999932,14218.079999999933,0.0
556,SELL,-1,14218.129999999932,14218.72999999993,0.0
557,SELL,-1,14218.129999999932,14234.439999999931,0.0
558,BUY,1,14241.919999999931,14241.86999999993,0.0
559,SELL,-1,14247.62999999993,14247.579999999929,0.0
560,BUY,1,14256.86999999993,14256.81999999993,0.0
561,CLOSE,0,14261.26999999993,14261.26999999993,0.0
562,SELL,-1,14261.26999999993,14261.219999999928,0.0004
564,BUY,1,14283.149999999929,14283.09999999993,0.0
565,BUY,1,14283.149999999929,14283.34999999993,0.0
567,CLOSE,0,14288.00999999993,14288.00999999993,0.0158
568,BUY,1,14288.00999999993,14287.95999999993,0.0162
569,CLOSE,0,14288.77999999993,14288.77999999993,0.0104
571,CLOSE,0,14288.77999999993,14288.77999999993,0.0104
572,SELL,-1,14288.77999999993,14288.72999999993,0.0108
573,BUY,1,14297.77999999993,14297.72999999993,0.0
574,CLOSE,0,14302.43999999993,14302.43999999993,0.0
575,BUY,1,14302.43999999993,14302.38999999993,0.0003
576,CLOSE,0,14301.319999999929,14301.319999999929,0.0078
577,CLOSE,0,14301.319999999929,14301.319999999929,0.0078
578,BUY,1,14301.319999999929,14301.269999999928,0.0082
579,SELL,-1,14313.09999999993,14313.04999999993,0.0
580,BUY,1,14328.92999999993,14328.879999999928,0.0
581,CLOSE,0,14343.06999999993,14343.06999999993,0.0
582,SELL,-1,14343.06999999993,14343.019999999931,0.0003
584,BUY,1,14346.11999999993,14346.06999999993,0.0
585,CLOSE,0,14354.559999999929,14354.559999999929,0.0
586,CLOSE,0,14354.559999999929,14354.559999999929,0.0
587,SELL,-1,14354.559999999929,14354.50999999993,0.0003
588,SELL,-1,14354.559999999929,14355.68999999993,0.0
589,BUY,1,14358.52999999993,14358.47999999993,0.0
590,BUY,1,14358.52999999993,14360.91999999993,0.0
591,BUY,1,14358.52999999993,14358.989999999929,0.0134
592,CLOSE,0,14369.79999999993,14369.79999999993,0.0
593,BUY,1,14369.79999999993,14369.74999999993,0.0003
594,BUY,1,14369.79999999993,14370.079999999929,0.0
595,BUY,1,14369.79999999993,14368.20999999993,0.013
596,SELL,-1,14385.20999999993,14385.15999999993,0.0
597,CLOSE,0,14385.94999999993,14385.94999999993,0.0
599,CLOSE,0,14385.94999999993,14385.94999999993,0.0
600,BUY,1,14385.94999999993,14385.899999999929,0.0003
601,CLOSE,0,14392.45999999993,14392.45999999993,0.0
602,CLOSE,0,14392.45999999993,14392.45999999993,0.0
603,CLOSE,0,14392.45999999993,14392.45999999993,0.0
604,SELL,-1,14392.45999999993,14392.40999999993,0.0003
605,CLOSE,0,14395.579999999929,14395.579999999929,0.0
607,BUY,1,14395.579999999929,14395.52999999993,0.0003
608,BUY,1,14395.579999999929,14401.52999999993,0.0
609,BUY,1,14395.579999999929,14403.639999999928,0.0
610,BUY,1,14395.579999999929,14405.239999999929,0.0
611,CLOSE,0,14406.299999999928,14406.299999999928,0.0
612,BUY,1,14406.299999999928,14406.249999999927,0.0003
615,SELL,-1,14416.209999999926,14416.159999999927,0.0078
616,SELL,-1,14416.209999999926,14417.639999999927,0.0
617,BUY,1,14447.299999999927,14447.249999999927,0.0
618,SELL,-1,14452.789999999926,14452.739999999925,0.0
620,BUY,1,14458.649999999925,14458.599999999926,0.0
621,BUY,1,14458.649999999925,14461.179999999924,0.0
625,SELL,-1,14465.789999999924,14465.739999999925,0.0064
626,SELL,-1,14465.789999999924,14466.529999999924,0.0009
627,BUY,1,14477.119999999924,14477.069999999923,0.0
628,SELL,-1,14478.959999999925,14478.909999999923,0.0
629,SELL,-1,14478.959999999925,14483.209999999925,0.0
630,SELL,-1,14478.959999999925,14486.919999999925,0.0
631,BUY,1,14487.959999999925,14487.909999999923,0.0
632,SELL,-1,14488.199999999924,14488.149999999925,0.0
633,SELL,-1,14488.199999999924,14484.949999999924,0.0221
634,BUY,1,14490.269999999924,14490.219999999925,0.0
637,BUY,1,14490.269999999924,14499.289999999924,0.0041
638,BUY,1,14490.269999999924,14543.719999999925,0.0
639,BUY,1,14490.269999999924,14545.469999999925,0.0
640,BUY,1,14490.269999999924,14547.439999999924,0.0
641,BUY,1,14490.269999999924,14559.919999999924,0.0
642,CLOSE,0,14567.729999999923,14567.729999999923,0.0
643,BUY,1,14567.729999999923,14567.679999999924,0.0003
644,SELL,-1,14572.769999999922,14572.719999999921,0.0
645,CLOSE,0,14573.399999999921,14573.399999999921,0.0
646,BUY,1,14573.399999999921,14573.349999999922,0.0003
647,SELL,-1,14578.81999999992,14578.76999999992,0.0
648,SELL,-1,14578.81999999992,14579.98999999992,0.0
653,BUY,1,14586.439999999919,14586.38999999992,0.0001
655,SELL,-1,14591.95999999992,14591.90999999992,0.0
656,BUY,1,14608.38999999992,14608.33999999992,0.0
657,BUY,1,14608.38999999992,14609.369999999919,0.0
659,SELL,-1,14660.029999999919,14659.97999999992,0.0
660,BUY,1,14664.319999999918,14664.269999999917,0.0
661,SELL,-1,14665.569999999916,14665.519999999917,0.0
662,CLOSE,0,14669.799999999916,14669.799999999916,0.0
663,SELL,-1,14669.799999999916,14669.749999999916,0.0003
664,SELL,-1,14669.799999999916,14672.729999999916,0.0
666,BUY,1,14674.339999999916,14674.289999999917,0.0065
667,CLOSE,0,14674.629999999917,14674.629999999917,0.0042
668,BUY,1,14674.629999999917,14674.579999999918,0.0046
669,BUY,1,14674.629999999917,14675.119999999917,0.0009
670,SELL,-1,14682.959999999917,14682.909999999916,0.0
671,SELL,-1,14682.959999999917,14696.309999999918,0.0
672,CLOSE,0,14703.799999999917,14703.799999999917,0.0
675,SELL,-1,14703.799999999917,14703.749999999916,0.0003
676,BUY,1,14709.799999999917,14709.749999999916,0.0
679,BUY,1,14709.799999999917,14716.969999999917,0.0
680,SELL,-1,14737.419999999918,14737.369999999919,0.0
682,BUY,1,14735.909999999918,14735.859999999917,0.0548
683,CLOSE,0,14737.639999999918,14737.639999999918,0.0427
684,CLOSE,0,14737.639999999918,14737.639999999918,0.0427
685,SELL,-1,14737.639999999918,14737.589999999916,0.0431
686,SELL,-1,14737.639999999918,14738.219999999917,0.0388
687,SELL,-1,14737.639999999918,14744.559999999918,0.0
688,SELL,-1,14737.639999999918,14754.049999999917,0.0
689,CLOSE,0,14754.189999999917,14754.189999999917,0.0
690,CLOSE,0,14754.189999999917,14754.189999999917,0.0
691,BUY,1,14754.189999999917,14754.139999999916,0.0003
692,SELL,-1,14756.489999999916,14756.439999999915,0.0
694,CLOSE,0,14757.819999999916,14757.819999999916,0.0113
695,SELL,-1,14757.819999999916,14757.769999999917,0.0117
696,BUY,1,14763.569999999916,14763.519999999917,0.0
697,CLOSE,0,14763.549999999916,14763.549999999916,0.0
698,BUY,1,14763.549999999916,14763.499999999916,0.0003
699,CLOSE,0,14772.369999999915,14772.369999999915,0.0
700,SELL,-1,14772.369999999915,14772.319999999916,0.0003
701,CLOSE,0,14802.199999999915,14802.199999999915,0.0
702,BUY,1,14802.199999999915,14802.149999999914,0.0003
703,CLOSE,0,14803.769999999915,14803.769999999915,0.0
704,CLOSE,0,14803.769999999915,14803.769999999915,0.0
705,CLOSE,0,14803.769999999915,14803.769999999915,0.0
706,SELL,-1,14803.769999999915,14803.719999999914,0.0003
707,SELL,-1,14803.769999999915,14809.439999999915,0.0
708,CLOSE,0,14810.969999999914,14810.969999999914,0.0
709,CLOSE,0,14810.969999999914,14810.969999999914,0.0
710,BUY,1,14810.969999999914,14810.919999999915,0.0003
711,SELL,-1,14823.219999999914,14823.169999999915,0.0
712,CLOSE,0,14824.049999999914,14824.049999999914,0.0
713,BUY,1,14824.049999999914,14823.999999999913,0.0003
715,SELL,-1,14825.499999999913,14825.449999999913,0.0094
716,CLOSE,0,14829.669999999913,14829.669999999913,0.0
717,SELL,-1,14829.669999999913,14829.619999999912,0.0003
719,BUY,1,14836.019999999913,14835.969999999914,0.0
721,BUY,1,14836.019999999913,14837.349999999913,0.0068
722,SELL,-1,14841.699999999913,14841.649999999914,0.0
723,BUY,1,14846.229999999912,14846.179999999913,0.0
724,BUY,1,14846.229999999912,14850.189999999911,0.0
725,BUY,1,14846.229999999912,14855.499999999913,0.0
726,CLOSE,0,14857.509999999911,14857.509999999911,0.0
727,SELL,-1,14857.509999999911,14857.459999999912,0.0003
728,SELL,-1,14857.509999999911,14857.759999999911,0.0
729,SELL,-1,14857.509999999911,14865.549999999912,0.0
730,CLOSE,0,14866.209999999912,14866.209999999912,0.0
732,BUY,1,14866.209999999912,14866.159999999913,0.0003
733,CLOSE,0,14869.96999999991,14869.96999999991,0.0
734,SELL,-1,14869.96999999991,14869.919999999911,0.0003
735,SELL,-1,14869.96999999991,14873.439999999911,0.0
736,BUY,1,14873.68999999991,14873.639999999908,0.0
738,BUY,1,14873.68999999991,14877.389999999908,0.0
739,SELL,-1,14879.809999999909,14879.759999999907,0.0
740,BUY,1,14882.879999999908,14882.829999999907,0.0
741,SELL,-1,14883.579999999907,14883.529999999908,0.0
742,SELL,-1,14883.579999999907,14889.749999999907,0.0
743,CLOSE,0,14894.329999999907,14894.329999999907,0.0
744,BUY,1,14894.329999999907,14894.279999999908,0.0003
745,BUY,1,14894.329999999907,14895.879999999906,0.0
746,BUY,1,14894.329999999907,14893.789999999906,0.014
747,BUY,1,14894.329999999907,14898.329999999907,0.0
748,BUY,1,14894.329999999907,14898.879999999906,0.0
749,CLOSE,0,14902.129999999906,14902.129999999906,0.0
750,SELL,-1,14902.129999999906,14902.079999999907,0.0003
751,BUY,1,14912.069999999905,14912.019999999906,0.0
752,BUY,1,14912.069999999905,14923.229999999905,0.0
753,SELL,-1,14927.579999999904,14927.529999999904,0.0
754,SELL,-1,14927.579999999904,14933.139999999903,0.0
755,CLOSE,0,14934.849999999904,14934.849999999904,0.0
760,SELL,-1,14934.849999999904,14934.799999999905,0.0003
761,SELL,-1,14934.849999999904,14931.509999999904,0.0224
763,SELL,-1,14934.849999999904,14935.919999999904,0.0
764,BUY,1,14955.069999999903,14955.019999999902,0.0
765,SELL,-1,14959.399999999903,14959.349999999904,0.0
766,SELL,-1,14959.399999999903,14962.739999999903,0.0
768,SELL,-1,14959.399999999903,14960.749999999902,0.0133
769,SELL,-1,14959.399999999903,14960.329999999904,0.0161
770,SELL,-1,14959.399999999903,14962.609999999902,0.0009
771,SELL,-1,14959.399999999903,14965.859999999902,0.0
772,SELL,-1,14959.399999999903,14968.429999999902,0.0
773,BUY,1,14972.209999999903,14972.159999999902,0.0
774,BUY,1,14972.209999999903,14974.079999999904,0.0
775,BUY,1,14972.209999999903,14975.069999999901,0.0
776,SELL,-1,14978.659999999902,14978.609999999902,0.0
778,SELL,-1,14978.659999999902,14980.889999999901,0.0137
780,BUY,1,14990.739999999902,14990.6899999999,0.0
782,BUY,1,14990.739999999902,14998.669999999902,0.0
783,SELL,-1,15001.329999999902,15001.2799999999,0.0
784,SELL,-1,15001.329999999902,15003.229999999901,0.0
785,CLOSE,0,15048.579999999902,15048.579999999902,0.0
786,BUY,1,15048.579999999902,15048.5299999999,0.0003
787,CLOSE,0,15051.389999999901,15051.389999999901,0.0
789,SELL,-1,15051.389999999901,15051.339999999902,0.0003
790,BUY,1,15057.549999999901,15057.499999999902,0.0
792,SELL,-1,15070.539999999899,15070.4899999999,0.0
795,SELL,-1,15070.539999999899,15085.819999999898,0.0
796,SELL,-1,15070.539999999899,15086.299999999897,0.0
797,BUY,1,15092.599999999899,15092.549999999897,0.0
799,SELL,-1,15096.419999999898,15096.369999999897,0.0007
802,BUY,1,15110.599999999897,15110.549999999897,0.0
804,BUY,1,15110.599999999897,15120.559999999896,0.0
805,SELL,-1,15121.819999999896,15121.769999999895,0.0
806,SELL,-1,15121.819999999896,15137.789999999895,0.0
807,CLOSE,0,15148.279999999895,15148.279999999895,0.0
809,BUY,1,15148.279999999895,15148.229999999894,0.0003
810,BUY,1,15148.279999999895,15156.869999999895,0.0
811,CLOSE,0,15160.579999999896,15160.579999999896,0.0
812,CLOSE,0,15160.579999999896,15160.579999999896,0.0
813,SELL,-1,15160.579999999896,15160.529999999897,0.0003
815,SELL,-1,15160.579999999896,15167.119999999897,0.003
816,BUY,1,15166.849999999897,15166.799999999897,0.0051
817,BUY,1,15166.849999999897,15169.489999999896,0.0
818,SELL,-1,15173.879999999896,15173.829999999896,0.0
819,CLOSE,0,15185.719999999896,15185.719999999896,0.0
820,SELL,-1,15185.719999999896,15185.669999999896,0.0003
821,CLOSE,0,15189.519999999895,15189.519999999895,0.0
822,CLOSE,0,15189.519999999895,15189.519999999895,0.0
823,SELL,-1,15189.519999999895,15189.469999999896,0.0003
825,BUY,1,15193.839999999895,15193.789999999895,0.0
826,BUY,1,15193.839999999895,15213.159999999894,0.0
828,SELL,-1,15230.359999999895,15230.309999999896,0.0011
829,BUY,1,15234.029999999895,15233.979999999894,0.0
830,CLOSE,0,15236.069999999894,15236.069999999894,0.0
831,SELL,-1,15236.069999999894,15236.019999999895,0.0003
832,SELL,-1,15236.069999999894,15237.059999999894,0.0
833,SELL,-1,15236.069999999894,15238.239999999894,0.0
834,SELL,-1,15236.069999999894,15239.799999999894,0.0
835,SELL,-1,15236.069999999894,15242.049999999894,0.0
836,CLOSE,0,15242.349999999893,15242.349999999893,0.0
837,SELL,-1,15242.349999999893,15242.299999999894,0.0003
838,SELL,-1,15242.349999999893,15247.259999999893,0.0
840,BUY,1,15251.579999999893,15251.529999999893,0.0
841,BUY,1,15251.579999999893,15253.579999999893,0.0
842,BUY,1,15251.579999999893,15252.549999999894,0.0068
844,BUY,1,15251.579999999893,15254.169999999893,0.0
845,BUY,1,15251.579999999893,15258.209999999894,0.0
846,SELL,-1,15257.909999999893,15257.859999999891,0.0023
848,CLOSE,0,15325.74999999989,15325.74999999989,0.0
849,BUY,1,15325.74999999989,15325.699999999892,0.0003
850,BUY,1,15325.74999999989,15324.07999999989,0.0109
854,CLOSE,0,15322.969999999892,15322.969999999892,0.0335
855,SELL,-1,15322.969999999892,15322.919999999893,0.0338
856,BUY,1,15334.759999999891,15334.70999999989,0.0
857,BUY,1,15334.759999999891,15341.05999999989,0.0
858,BUY,1,15334.759999999891,15341.90999999989,0.0
859,SELL,-1,15343.71999999989,15343.66999999989,0.0
860,SELL,-1,15343.71999999989,15348.51999999989,0.0
862,CLOSE,0,15359.33999999989,15359.33999999989,0.0
863,BUY,1,15359.33999999989,15359.289999999888,0.0003
864,BUY,1,15359.33999999989,15366.42999999989,0.0
865,CLOSE,0,15365.22999999989,15365.22999999989,0.0078
866,SELL,-1,15365.22999999989,15365.179999999891,0.0081
867,SELL,-1,15365.22999999989,15376.00999999989,0.0
868,SELL,-1,15365.22999999989,15381.15999999989,0.0
869,SELL,-1,15365.22999999989,15390.55999999989,0.0
870,CLOSE,0,15393.699999999892,15393.699999999892,0.0
872,SELL,-1,15393.699999999892,15393.649999999892,0.0003
873,SELL,-1,15393.699999999892,15399.839999999891,0.0
874,SELL,-1,15393.699999999892,15403.329999999893,0.0
875,SELL,-1,15393.699999999892,15408.109999999891,0.0
876,SELL,-1,15393.699999999892,15409.199999999892,0.0
877,BUY,1,15412.189999999891,15412.13999999989,0.0
878,CLOSE,0,15411.589999999891,15411.589999999891,0.0036
879,CLOSE,0,15411.589999999891,15411.589999999891,0.0036
880,SELL,-1,15411.589999999891,15411.539999999892,0.0039
881,SELL,-1,15411.589999999891,15411.039999999892,0.0071
882,SELL,-1,15411.589999999891,15418.90999999989,0.0
883,SELL,-1,15411.589999999891,15425.089999999891,0.0
884,BUY,1,15428.81999999989,15428.769999999891,0.0
885,CLOSE,0,15441.34999999989,15441.34999999989,0.0
887,CLOSE,0,15441.34999999989,15441.34999999989,0.0
888,SELL,-1,15441.34999999989,15441.29999999989,0.0003
889,CLOSE,0,15442.649999999889,15442.649999999889,0.0
890,BUY,1,15442.649999999889,15442.59999999989,0.0003
891,CLOSE,0,15447.019999999888,15447.019999999888,0.0
894,SELL,-1,15447.019999999888,15446.969999999888,0.0003
895,BUY,1,15447.289999999888,15447.239999999889,0.0
896,CLOSE,0,15451.569999999887,15451.569999999887,0.0
898,SELL,-1,15451.569999999887,15451.519999999888,0.0003
899,CLOSE,0,15451.839999999887,15451.839999999887,0.0
900,CLOSE,0,15451.839999999887,15451.839999999887,0.0
901,BUY,1,15451.839999999887,15451.789999999888,0.0003
902,CLOSE,0,15453.689999999886,15453.689999999886,0.0
903,SELL,-1,15453.689999999886,15453.639999999887,0.0003
904,BUY,1,15460.379999999885,15460.329999999885,0.0
905,BUY,1,15460.379999999885,15466.039999999884,0.0
906,CLOSE,0,15467.359999999884,15467.359999999884,0.0
907,CLOSE,0,15467.359999999884,15467.359999999884,0.0
908,SELL,-1,15467.359999999884,15467.309999999885,0.0003
909,SELL,-1,15467.359999999884,15462.699999999884,0.0301
911,SELL,-1,15467.359999999884,15502.739999999885,0.0
912,BUY,1,15510.839999999884,15510.789999999884,0.0
914,BUY,1,15510.839999999884,15512.419999999884,0.0
915,SELL,-1,15512.959999999883,15512.909999999883,0.0
916,SELL,-1,15512.959999999883,15517.299999999883,0.0
917,CLOSE,0,15523.369999999883,15523.369999999883,0.0
918,SELL,-1,15523.369999999883,15523.319999999883,0.0003
919,SELL,-1,15523.369999999883,15529.389999999883,0.0
920,BUY,1,15536.189999999882,15536.139999999883,0.0
921,SELL,-1,15540.989999999882,15540.939999999882,0.0
922,BUY,1,15545.10999999988,15545.059999999881,0.0
923,BUY,1,15545.10999999988,15543.95999999988,0.0071
925,SELL,-1,15548.24999999988,15548.19999999988,0.0
926,BUY,1,15556.64999999988,15556.599999999878,0.0
928,CLOSE,0,15567.649999999878,15567.649999999878,0.0
929,BUY,1,15567.649999999878,15567.599999999878,0.0003
932,BUY,1,15567.649999999878,15595.319999999878,0.0
933,CLOSE,0,15591.679999999877,15591.679999999877,0.0233
934,BUY,1,15591.679999999877,15591.629999999877,0.0237
935,BUY,1,15591.679999999877,15594.899999999876,0.0027
936,SELL,-1,15598.159999999876,15598.109999999877,0.0
937,SELL,-1,15598.159999999876,15604.179999999877,0.0
938,SELL,-1,15598.159999999876,15602.139999999876,0.0131
939,SELL,-1,15598.159999999876,15611.149999999876,0.0
940,SELL,-1,15598.159999999876,15609.979999999876,0.0075
941,CLOSE,0,15615.049999999876,15615.049999999876,0.0
942,CLOSE,0,15615.049999999876,15615.049999999876,0.0
945,SELL,-1,15615.049999999876,15614.999999999876,0.0003
946,SELL,-1,15615.049999999876,15614.949999999875,0.0006
947,BUY,1,15620.939999999875,15620.889999999876,0.0
948,BUY,1,15620.939999999875,15587.459999999875,0.214
950,BUY,1,15620.939999999875,15604.289999999874,0.1063
951,BUY,1,15620.939999999875,15608.259999999875,0.0809
952,SELL,-1,15610.889999999876,15610.839999999876,0.0643
954,BUY,1,15639.249999999876,15639.199999999877,0.0
955,SELL,-1,15648.529999999875,15648.479999999876,0.0
956,BUY,1,15646.629999999874,15646.579999999874,0.0121
957,SELL,-1,15652.489999999874,15652.439999999875,0.0
958,CLOSE,0,15657.569999999874,15657.569999999874,0.0
960,BUY,1,15657.569999999874,15657.519999999873,0.0003
962,BUY,1,15657.569999999874,15663.009999999875,0.0003
965,CLOSE,0,15669.599999999875,15669.599999999875,0.0051
967,CLOSE,0,15669.599999999875,15669.599999999875,0.0051
968,SELL,-1,15669.599999999875,15669.549999999876,0.0054
970,SELL,-1,15669.599999999875,15677.839999999875,0.0
971,SELL,-1,15669.599999999875,15680.669999999875,0.0
973,BUY,1,15673.009999999875,15672.959999999875,0.0576
974,BUY,1,15673.009999999875,15780.659999999874,0.0
975,CLOSE,0,15786.329999999874,15786.329999999874,0.0
976,CLOSE,0,15786.329999999874,15786.329999999874,0.0
977,SELL,-1,15786.329999999874,15786.279999999875,0.0003
978,BUY,1,15796.919999999875,15796.869999999875,0.0
979,BUY,1,15796.919999999875,15805.919999999875,0.0
980,BUY,1,15796.919999999875,15808.839999999873,0.0
981,SELL,-1,15819.469999999874,15819.419999999875,0.0
982,BUY,1,15820.969999999874,15820.919999999875,0.0
983,BUY,1,15820.969999999874,15818.339999999873,0.0163
985,CLOSE,0,15841.739999999874,15841.739999999874,0.0
988,SELL,-1,15841.739999999874,15841.689999999875,0.0003
989,CLOSE,0,15835.809999999874,15835.809999999874,0.0374
990,BUY,1,15835.809999999874,15835.759999999875,0.0377
992,CLOSE,0,15851.579999999874,15851.579999999874,0.0
993,BUY,1,15851.579999999874,15851.529999999875,0.0003
994,SELL,-1,15845.469999999874,15845.419999999875,0.0389
995,BUY,1,15849.329999999874,15849.279999999875,0.0145
996,BUY,1,15849.329999999874,15858.619999999875,0.0
997,CLOSE,0,15887.109999999873,15887.109999999873,0.0
998,CLOSE,0,15887.109999999873,15887.109999999873,0.0
999,SELL,-1,15887.109999999873,15887.059999999874,0.0003
1000,CLOSE,0,15896.889999999872,15896.889999999872,0.0
1001,CLOSE,0,15896.889999999872,15896.889999999872,0.0
1002,SELL,-1,15896.889999999872,15896.839999999873,0.0003
1003,BUY,1,15897.279999999872,15897.229999999872,0.0
1004,SELL,-1,15894.73999999987,15894.689999999871,0.016
1005,SELL,-1,15894.73999999987,15899.659999999869,0.0
1007,CLOSE,0,15900.76999999987,15900.76999999987,0.0195
1008,BUY,1,15900.76999999987,15900.71999999987,0.0198
1009,SELL,-1,15902.959999999868,15902.909999999869,0.006
1010,BUY,1,15911.709999999868,15911.659999999869,0.0
1011,BUY,1,15911.709999999868,15917.449999999868,0.0
1012,BUY,1,15911.709999999868,15915.069999999869,0.015
1013,CLOSE,0,15921.629999999868,15921.629999999868,0.0
1015,CLOSE,0,15921.629999999868,15921.629999999868,0.0
1016,BUY,1,15921.629999999868,15921.579999999867,0.0003
1017,CLOSE,0,15932.249999999869,15932.249999999869,0.0
1018,CLOSE,0,15932.249999999869,15932.249999999869,0.0
1019,SELL,-1,15932.249999999869,15932.19999999987,0.0003
1020,CLOSE,0,15942.529999999868,15942.529999999868,0.0
1021,BUY,1,15942.529999999868,15942.479999999869,0.0003
1022,BUY,1,15942.529999999868,15944.199999999868,0.0
1024,BUY,1,15942.529999999868,15947.479999999869,0.0
1025,CLOSE,0,15952.909999999869,15952.909999999869,0.0
1026,BUY,1,15952.909999999869,15952.85999999987,0.0003
1027,BUY,1,15952.909999999869,15951.69999999987,0.0076
1028,CLOSE,0,15954.489999999869,15954.489999999869,0.0
1030,BUY,1,15954.489999999869,15954.439999999868,0.0003
1031,BUY,1,15954.489999999869,15953.029999999868,0.0092
1032,BUY,1,15954.489999999869,15959.999999999869,0.0
1033,BUY,1,15954.489999999869,15961.579999999867,0.0
1034,SELL,-1,15965.489999999867,15965.439999999868,0.0
1035,BUY,1,15970.029999999866,15969.979999999865,0.0
1036,CLOSE,0,15972.219999999867,15972.219999999867,0.0
1037,BUY,1,15972.219999999867,15972.169999999867,0.0003
1039,BUY,1,15972.219999999867,15981.129999999866,0.0
1040,SELL,-1,15985.229999999865,15985.179999999866,0.0
1042,SELL,-1,15985.229999999865,15987.839999999866,0.0
1043,SELL,-1,15985.229999999865,15991.629999999865,0.0
1044,BUY,1,15995.849999999864,15995.799999999865,0.0
1045,CLOSE,0,15999.989999999863,15999.989999999863,0.0
1046,CLOSE,0,15999.989999999863,15999.989999999863,0.0
1047,SELL,-1,15999.989999999863,15999.939999999864,0.0003
1049,SELL,-1,15999.989999999863,16002.779999999864,0.0
1050,CLOSE,0,16012.769999999862,16012.769999999862,0.0
1051,SELL,-1,16012.769999999862,16012.719999999863,0.0003
1052,BUY,1,16018.879999999863,16018.829999999864,0.0
1054,BUY,1,16018.879999999863,16025.479999999861,0.0
1055,BUY,1,16018.879999999863,16025.509999999864,0.0
1056,BUY,1,16018.879999999863,16026.059999999863,0.0
1057,BUY,1,16018.879999999863,16031.509999999864,0.0
1058,CLOSE,0,16067.249999999862,16067.249999999862,0.0
1059,BUY,1,16067.249999999862,16067.199999999862,0.0003
1060,SELL,-1,16073.549999999861,16073.499999999862,0.0
1061,SELL,-1,16073.549999999861,16078.94999999986,0.0
1062,BUY,1,16079.999999999862,16079.949999999862,0.0
1064,CLOSE,0,16084.299999999861,16084.299999999861,0.0
1066,BUY,1,16084.299999999861,16084.249999999862,0.0003
1069,SELL,-1,16087.569999999861,16087.519999999862,0.0
1070,BUY,1,16092.78999999986,16092.73999999986,0.0
1071,SELL,-1,16094.37999999986,16094.32999999986,0.0
1072,BUY,1,16098.64999999986,16098.59999999986,0.0
1073,BUY,1,16098.64999999986,16102.789999999859,0.0
1074,SELL,-1,16108.269999999859,16108.21999999986,0.0
1075,SELL,-1,16108.269999999859,16113.089999999858,0.0
1076,BUY,1,16122.539999999859,16122.48999999986,0.0
1077,SELL,-1,16126.159999999858,16126.109999999859,0.0
1078,BUY,1,16128.769999999859,16128.71999999986,0.0
1079,SELL,-1,16147.779999999859,16147.729999999858,0.0
1080,CLOSE,0,16149.64999999986,16149.64999999986,0.0
1081,SELL,-1,16149.64999999986,16149.59999999986,0.0003
1082,BUY,1,16159.209999999859,16159.159999999858,0.0
1084,SELL,-1,16164.939999999859,16164.889999999858,0.0
1085,CLOSE,0,16168.769999999859,16168.769999999859,0.0
1086,SELL,-1,16168.769999999859,16168.71999999986,0.0003
1087,SELL,-1,16168.769999999859,16171.349999999858,0.0
1089,BUY,1,16175.529999999857,16175.479999999858,0.0
1090,SELL,-1,16180.109999999855,16180.059999999856,0.0
1091,SELL,-1,16180.109999999855,16186.169999999855,0.0
1093,BUY,1,16186.549999999854,16186.499999999854,0.033
1095,SELL,-1,16194.609999999855,16194.559999999856,0.0
1096,SELL,-1,16194.609999999855,16197.229999999854,0.0
1098,BUY,1,16202.629999999855,16202.579999999856,0.0
1099,SELL,-1,16207.449999999855,16207.399999999856,0.0
1101,BUY,1,16215.099999999855,16215.049999999854,0.0221
1102,SELL,-1,16222.569999999854,16222.519999999855,0.0
1103,SELL,-1,16222.569999999854,16221.189999999853,0.0082
1104,BUY,1,16226.069999999854,16226.019999999855,0.0
1105,BUY,1,16226.069999999854,16236.229999999854,0.0
1106,SELL,-1,16239.829999999853,16239.779999999853,0.0
1107,BUY,1,16255.789999999852,16255.739999999852,0.0
1108,BUY,1,16255.789999999852,16261.649999999852,0.0
1109,SELL,-1,16265.699999999852,16265.649999999852,0.0
1110,SELL,-1,16265.699999999852,16271.859999999851,0.0
1113,BUY,1,16278.009999999853,16277.959999999854,0.0
1115,SELL,-1,16286.779999999853,16286.729999999854,0.0
1116,CLOSE,0,16289.049999999854,16289.049999999854,0.0
1117,SELL,-1,16289.049999999854,16288.999999999854,0.0003
1118,SELL,-1,16289.049999999854,16293.049999999854,0.0
1119,BUY,1,16289.449999999853,16289.399999999852,0.0224
1120,SELL,-1,16289.649999999852,16289.599999999853,0.0212
1121,BUY,1,16415.92999999985,16415.879999999852,0.0
1122,SELL,-1,16419.90999999985,16419.85999999985,0.0
1123,BUY,1,16427.21999999985,16427.16999999985,0.0
1124,BUY,1,16427.21999999985,16429.52999999985,0.0
1125,CLOSE,0,16445.32999999985,16445.32999999985,0.0
1126,BUY,1,16445.32999999985,16445.27999999985,0.0003
1127,CLOSE,0,16441.089999999847,16441.089999999847,0.0258
1128,SELL,-1,16441.089999999847,16441.039999999848,0.0261
1129,BUY,1,16446.549999999846,16446.499999999847,0.0
1130,BUY,1,16446.549999999846,16439.609999999848,0.0419
1131,SELL,-1,16443.729999999847,16443.679999999847,0.0171
1132,SELL,-1,16443.729999999847,16451.849999999846,0.0
1133,BUY,1,16458.879999999845,16458.829999999845,0.0
1134,SELL,-1,16464.909999999843,16464.859999999844,0.0
1135,CLOSE,0,16474.639999999843,16474.639999999843,0.0
1136,BUY,1,16474.639999999843,16474.589999999844,0.0003
1137,SELL,-1,16489.779999999842,16489.729999999843,0.0
1138,BUY,1,16498.869999999843,16498.819999999843,0.0
1139,BUY,1,16498.869999999843,16502.299999999843,0.0
1140,CLOSE,0,16513.05999999984,16513.05999999984,0.0
1141,SELL,-1,16513.05999999984,16513.009999999842,0.0003
1142,BUY,1,16541.85999999984,16541.80999999984,0.0
1143,BUY,1,16541.85999999984,16542.259999999842,0.0
1145,CLOSE,0,16551.14999999984,16551.14999999984,0.0
1146,BUY,1,16551.14999999984,16551.099999999842,0.0003
1147,CLOSE,0,16557.979999999843,16557.979999999843,0.0
1148,SELL,-1,16557.979999999843,16557.929999999844,0.0003
1149,BUY,1,16560.699999999844,16560.649999999845,0.0
1152,CLOSE,0,16562.459999999846,16562.459999999846,0.0
1153,SELL,-1,16562.459999999846,16562.409999999847,0.0003
1154,SELL,-1,16562.459999999846,16566.089999999847,0.0
1155,SELL,-1,16562.459999999846,16567.389999999847,0.0
1156,SELL,-1,16562.459999999846,16569.419999999845,0.0
1157,SELL,-1,16562.459999999846,16569.46999999985,0.0
1158,CLOSE,0,16573.21999999985,16573.21999999985,0.0
1159,CLOSE,0,16573.21999999985,16573.21999999985,0.0
1160,SELL,-1,16573.21999999985,16573.16999999985,0.0003
1161,SELL,-1,16573.21999999985,16576.68999999985,0.0
1162,BUY,1,16577.34999999985,16577.29999999985,0.0
1163,BUY,1,16577.34999999985,16579.81999999985,0.0
1164,BUY,1,16577.34999999985,16585.41999999985,0.0
1165,BUY,1,16577.34999999985,16589.949999999848,0.0
1166,CLOSE,0,16585.789999999848,16585.789999999848,0.0251
1167,BUY,1,16585.789999999848,16585.73999999985,0.0254
1168,SELL,-1,16585.359999999848,16585.30999999985,0.028
1169,BUY,1,16591.389999999847,16591.339999999847,0.0
1170,SELL,-1,16606.349999999846,16606.299999999846,0.0
1174,BUY,1,16620.679999999844,16620.629999999845,0.0271
1175,BUY,1,16620.679999999844,16617.479999999843,0.0461
1178,SELL,-1,16619.629999999845,16619.579999999845,0.0334
1180,SELL,-1,16619.629999999845,16621.559999999845,0.0215
1181,BUY,1,16632.229999999843,16632.179999999844,0.0
1182,SELL,-1,16647.679999999844,16647.629999999845,0.0
1184,BUY,1,16720.189999999842,16720.139999999843,0.0
1185,BUY,1,16720.189999999842,16720.019999999844,0.0007
1186,BUY,1,16720.189999999842,16715.12999999984,0.03
1187,BUY,1,16720.189999999842,16722.349999999842,0.0
1189,CLOSE,0,16730.769999999844,16730.769999999844,0.0
1190,SELL,-1,16730.769999999844,16730.719999999845,0.0003
1191,CLOSE,0,16733.479999999843,16733.479999999843,0.0
1194,BUY,1,16733.479999999843,16733.429999999844,0.0003
1195,CLOSE,0,16738.169999999842,16738.169999999842,0.0
1196,SELL,-1,16738.169999999842,16738.119999999843,0.0003
1197,BUY,1,16744.119999999843,16744.069999999843,0.0
1198,CLOSE,0,16753.049999999843,16753.049999999843,0.0
1199,BUY,1,16753.049999999843,16752.999999999844,0.0003
1200,CLOSE,0,16756.03999999984,16756.03999999984,0.0
1201,BUY,1,16756.03999999984,16755.98999999984,0.0003
1203,CLOSE,0,16761.58999999984,16761.58999999984,0.0
1204,BUY,1,16761.58999999984,16761.53999999984,0.0003
1206,SELL,-1,16801.489999999838,16801.43999999984,0.0
1207,SELL,-1,16801.489999999838,16809.589999999836,0.0
1208,BUY,1,16812.879999999837,16812.829999999838,0.0
1209,SELL,-1,16811.789999999837,16811.739999999838,0.0065
1212,BUY,1,16812.559999999838,16812.50999999984,0.0411
1213,CLOSE,0,16827.02999999984,16827.02999999984,0.0
1214,SELL,-1,16827.02999999984,16826.97999999984,0.0003
1215,BUY,1,16833.42999999984,16833.37999999984,0.0
1217,SELL,-1,16842.04999999984,16841.99999999984,0.0
1218,SELL,-1,16842.04999999984,16842.899999999838,0.0
1219,BUY,1,16849.92999999984,16849.87999999984,0.0
1220,BUY,1,16849.92999999984,16850.70999999984,0.0
1221,SELL,-1,16852.66999999984,16852.61999999984,0.0
1222,BUY,1,16867.16999999984,16867.11999999984,0.0
1223,SELL,-1,16865.95999999984,16865.90999999984,0.0072
1224,BUY,1,16871.329999999838,16871.27999999984,0.0
1225,BUY,1,16871.329999999838,16876.059999999838,0.0
1228,SELL,-1,16886.299999999836,16886.249999999836,0.0
1231,SELL,-1,16886.299999999836,16886.999999999836,0.02
1232,BUY,1,16892.889999999836,16892.839999999836,0.0
1233,SELL,-1,16894.749999999836,16894.699999999837,0.0
1235,SELL,-1,16894.749999999836,16889.749999999836,0.0293
1236,SELL,-1,16894.749999999836,16894.059999999838,0.0038
1241,BUY,1,16884.289999999837,16884.239999999838,0.0888
1242,SELL,-1,16885.839999999836,16885.789999999837,0.0796
1243,SELL,-1,16885.839999999836,16894.859999999837,0.0259
1244,BUY,1,16907.099999999835,16907.049999999836,0.0
1246,BUY,1,16907.099999999835,16910.459999999835,0.0
1247,SELL,-1,16948.269999999837,16948.219999999837,0.0
1248,BUY,1,16947.709999999835,16947.659999999836,0.0033
1250,BUY,1,16947.709999999835,16955.879999999834,0.0
1251,SELL,-1,16954.129999999834,16954.079999999834,0.0106
1252,BUY,1,16960.34999999983,16960.299999999832,0.0
1254,SELL,-1,16970.639999999832,16970.589999999833,0.0
1255,SELL,-1,16970.639999999832,16974.339999999833,0.0
1256,SELL,-1,16970.639999999832,16980.319999999832,0.0
1258,BUY,1,16979.21999999983,16979.16999999983,0.0094
1259,SELL,-1,16978.49999999983,16978.44999999983,0.0137
1260,BUY,1,16975.01999999983,16974.96999999983,0.0342
1262,BUY,1,16975.01999999983,16983.63999999983,0.0
1263,SELL,-1,16987.959999999828,16987.90999999983,0.0
1264,CLOSE,0,16988.949999999826,16988.949999999826,0.0
1266,BUY,1,16988.949999999826,16988.899999999827,0.0003
1267,SELL,-1,16992.329999999827,16992.279999999828,0.0
1268,BUY,1,17032.699999999826,17032.649999999827,0.0
1269,BUY,1,17032.699999999826,17031.429999999826,0.0072
1270,SELL,-1,17034.799999999825,17034.749999999825,0.0
1271,SELL,-1,17034.799999999825,17037.589999999826,0.0
1272,BUY,1,17040.029999999824,17039.979999999825,0.0
1273,BUY,1,17040.029999999824,17041.149999999823,0.0
1274,BUY,1,17040.029999999824,17038.119999999824,0.0178
1275,SELL,-1,17049.669999999824,17049.619999999824,0.0
1276,CLOSE,0,17060.24999999982,17060.24999999982,0.0
1277,CLOSE,0,17060.24999999982,17060.24999999982,0.0
1278,SELL,-1,17060.24999999982,17060.199999999822,0.0003
1280,BUY,1,17065.019999999822,17064.969999999823,0.0
1281,SELL,-1,17069.219999999823,17069.169999999824,0.0
1282,BUY,1,17080.719999999823,17080.669999999824,0.0
1284,CLOSE,0,17096.809999999823,17096.809999999823,0.0
1285,CLOSE,0,17096.809999999823,17096.809999999823,0.0
1286,BUY,1,17096.809999999823,17096.759999999824,0.0003
1287,SELL,-1,17097.97999999982,17097.929999999822,0.0
1289,CLOSE,0,17138.30999999982,17138.30999999982,0.0
1290,BUY,1,17138.30999999982,17138.25999999982,0.0003
1291,BUY,1,17138.30999999982,17139.68999999982,0.0
1292,BUY,1,17138.30999999982,17137.17999999982,0.0146
1293,BUY,1,17138.30999999982,17132.319999999818,0.043
1294,BUY,1,17138.30999999982,17138.14999999982,0.009
1295,BUY,1,17138.30999999982,17134.71999999982,0.029
1296,BUY,1,17138.30999999982,17134.11999999982,0.0325
1297,BUY,1,17138.30999999982,17138.32999999982,0.0079
1298,BUY,1,17138.30999999982,17141.11999999982,0.0
1299,BUY,1,17138.30999999982,17148.22999999982,0.0
1300,BUY,1,17138.30999999982,17149.80999999982,0.0
1301,SELL,-1,17143.67999999982,17143.62999999982,0.036
1302,SELL,-1,17143.67999999982,17145.279999999817,0.0264
1303,CLOSE,0,17146.709999999817,17146.709999999817,0.0181
1304,SELL,-1,17146.709999999817,17146.659999999818,0.0184
1305,SELL,-1,17146.709999999817,17151.319999999818,0.0
1306,SELL,-1,17146.709999999817,17159.809999999816,0.0
1307,SELL,-1,17146.709999999817,17171.129999999815,0.0
1308,SELL,-1,17146.709999999817,17190.939999999817,0.0
1309,SELL,-1,17146.709999999817,17185.659999999818,0.0307
1310,BUY,1,17260.799999999817,17260.749999999818,0.0
1311,BUY,1,17260.799999999817,17265.129999999815,0.0
1312,BUY,1,17260.799999999817,17265.199999999815,0.0
1313,BUY,1,17260.799999999817,17268.249999999818,0.0
1315,BUY,1,17260.799999999817,17277.399999999816,0.0
1316,BUY,1,17260.799999999817,17274.139999999818,0.0189
1317,BUY,1,17260.799999999817,17272.299999999817,0.0295
1318,CLOSE,0,17277.969999999816,17277.969999999816,0.0
1319,SELL,-1,17277.969999999816,17277.919999999816,0.0003
1321,BUY,1,17280.699999999815,17280.649999999816,0.0
1322,BUY,1,17280.699999999815,17283.059999999816,0.0
1323,SELL,-1,17290.109999999815,17290.059999999816,0.0
1324,BUY,1,17295.289999999815,17295.239999999816,0.0
1325,BUY,1,17295.289999999815,17297.719999999816,0.0
1326,BUY,1,17295.289999999815,17303.449999999815,0.0
1327,CLOSE,0,17305.249999999814,17305.249999999814,0.0
1328,SELL,-1,17305.249999999814,17305.199999999815,0.0003
1329,BUY,1,17311.239999999816,17311.189999999817,0.0
1330,BUY,1,17311.239999999816,17315.179999999815,0.0
1331,CLOSE,0,17443.809999999816,17443.809999999816,0.0
1332,CLOSE,0,17443.809999999816,17443.809999999816,0.0
1333,BUY,1,17443.809999999816,17443.759999999817,0.0003
1334,CLOSE,0,17450.669999999816,17450.669999999816,0.0
1335,CLOSE,0,17450.669999999816,17450.669999999816,0.0
1336,BUY,1,17450.669999999816,17450.619999999817,0.0003
1337,CLOSE,0,17461.789999999815,17461.789999999815,0.0
1338,SELL,-1,17461.789999999815,17461.739999999816,0.0003
1339,BUY,1,17471.179999999815,17471.129999999815,0.0
1340,BUY,1,17471.179999999815,17472.969999999816,0.0
1341,BUY,1,17471.179999999815,17470.919999999816,0.0117
1342,BUY,1,17471.179999999815,17470.779999999817,0.0125
1343,BUY,1,17471.179999999815,17484.999999999814,0.0
1344,BUY,1,17471.179999999815,17484.759999999813,0.0014
1345,BUY,1,17471.179999999815,17488.349999999817,0.0
1346,BUY,1,17471.179999999815,17487.009999999813,0.0077
1347,BUY,1,17471.179999999815,17484.369999999813,0.0228
1348,BUY,1,17471.179999999815,17486.359999999815,0.0114
1350,SELL,-1,17494.359999999815,17494.309999999816,0.0
1351,SELL,-1,17494.359999999815,17500.489999999816,0.0
1352,BUY,1,17518.709999999817,17518.659999999818,0.0
1353,CLOSE,0,17518.889999999818,17518.889999999818,0.0
1354,BUY,1,17518.889999999818,17518.83999999982,0.0003
1355,CLOSE,0,17515.92999999982,17515.92999999982,0.0169
1356,SELL,-1,17515.92999999982,17515.87999999982,0.0172
1357,SELL,-1,17515.92999999982,17519.19999999982,0.0
1358,BUY,1,17524.909999999818,17524.85999999982,0.0
1359,CLOSE,0,17529.76999999982,17529.76999999982,0.0
1360,BUY,1,17529.76999999982,17529.71999999982,0.0003
1361,BUY,1,17529.76999999982,17530.03999999982,0.0
1362,CLOSE,0,17534.19999999982,17534.19999999982,0.0
1363,CLOSE,0,17534.19999999982,17534.19999999982,0.0
1364,SELL,-1,17534.19999999982,17534.14999999982,0.0003
1365,CLOSE,0,17537.319999999818,17537.319999999818,0.0
1366,SELL,-1,17537.319999999818,17537.26999999982,0.0003
1367,BUY,1,17539.559999999816,17539.509999999817,0.0
1368,SELL,-1,17544.949999999815,17544.899999999816,0.0
1369,BUY,1,17545.459999999814,17545.409999999814,0.0
1370,SELL,-1,17550.379999999812,17550.329999999813,0.0
1371,BUY,1,17552.219999999812,17552.169999999813,0.0
1373,CLOSE,0,17567.169999999813,17567.169999999813,0.0
1374,SELL,-1,17567.169999999813,17567.119999999813,0.0003
1375,CLOSE,0,17567.479999999814,17567.479999999814,0.0
1376,CLOSE,0,17567.479999999814,17567.479999999814,0.0
1378,SELL,-1,17567.479999999814,17567.429999999815,0.0003
1379,BUY,1,17569.529999999813,17569.479999999814,0.0
1380,BUY,1,17569.529999999813,17572.69999999981,0.0
1383,SELL,-1,17566.339999999815,17566.289999999815,0.0365
1384,CLOSE,0,17568.289999999815,17568.289999999815,0.0251
1385,CLOSE,0,17568.289999999815,17568.289999999815,0.0251
1386,BUY,1,17568.289999999815,17568.239999999816,0.0254
1387,BUY,1,17568.289999999815,17567.059999999816,0.0321
1389,BUY,1,17568.289999999815,17570.449999999815,0.0128
1390,SELL,-1,17569.759999999817,17569.709999999817,0.017
1391,CLOSE,0,17569.269999999815,17569.269999999815,0.0195
1392,SELL,-1,17569.269999999815,17569.219999999816,0.0198
1393,SELL,-1,17569.269999999815,17573.539999999815,0.0
1394,CLOSE,0,17636.159999999814,17636.159999999814,0.0
1395,BUY,1,17636.159999999814,17636.109999999815,0.0003
1396,BUY,1,17636.159999999814,17634.159999999814,0.0113
1398,SELL,-1,17643.099999999813,17643.049999999814,0.0
1399,CLOSE,0,17656.369999999813,17656.369999999813,0.0
1400,SELL,-1,17656.369999999813,17656.319999999814,0.0003
1401,BUY,1,17661.69999999981,17661.649999999812,0.0
1402,SELL,-1,17663.73999999981,17663.68999999981,0.0
1403,SELL,-1,17663.73999999981,17661.73999999981,0.011
1404,SELL,-1,17663.73999999981,17662.679999999807,0.0057
1405,CLOSE,0,17675.069999999807,17675.069999999807,0.0
1406,SELL,-1,17675.069999999807,17675.019999999808,0.0003
1407,BUY,1,17686.429999999807,17686.37999999981,0.0
1408,BUY,1,17686.429999999807,17693.27999999981,0.0
1409,BUY,1,17686.429999999807,17689.55999999981,0.021
1410,CLOSE,0,17709.41999999981,17709.41999999981,0.0
1411,CLOSE,0,17709.41999999981,17709.41999999981,0.0
1412,BUY,1,17709.41999999981,17709.36999999981,0.0003
1413,BUY,1,17709.41999999981,17714.16999999981,0.0
1414,BUY,1,17709.41999999981,17717.21999999981,0.0
1415,SELL,-1,17729.07999999981,17729.02999999981,0.0
1419,BUY,1,17738.859999999808,17738.80999999981,0.0
1420,SELL,-1,17739.819999999807,17739.769999999808,0.0
1421,BUY,1,17743.469999999805,17743.419999999805,0.0
1422,CLOSE,0,17743.589999999804,17743.589999999804,0.0
1424,SELL,-1,17743.589999999804,17743.539999999804,0.0003
1425,SELL,-1,17743.589999999804,17743.689999999802,0.0
1426,SELL,-1,17743.589999999804,17743.659999999803,0.0002
1427,SELL,-1,17743.589999999804,17743.459999999803,0.0013
1428,BUY,1,17742.259999999806,17742.209999999806,0.0083
1430,CLOSE,0,17747.779999999806,17747.779999999806,0.0
1431,SELL,-1,17747.779999999806,17747.729999999807,0.0003
1432,BUY,1,17751.349999999806,17751.299999999806,0.0
1433,CLOSE,0,17755.049999999806,17755.049999999806,0.0
1435,SELL,-1,17755.049999999806,17754.999999999807,0.0003
1436,BUY,1,17792.069999999807,17792.019999999808,0.0
1437,CLOSE,0,17797.98999999981,17797.98999999981,0.0
1438,BUY,1,17797.98999999981,17797.93999999981,0.0003
1439,BUY,1,17797.98999999981,17802.299999999806,0.0
1440,CLOSE,0,17807.88999999981,17807.88999999981,0.0
1441,SELL,-1,17807.88999999981,17807.83999999981,0.0003
1442,BUY,1,17812.87999999981,17812.82999999981,0.0
1445,SELL,-1,17817.70999999981,17817.65999999981,0.0
1446,CLOSE,0,17822.80999999981,17822.80999999981,0.0
1448,SELL,-1,17822.80999999981,17822.75999999981,0.0003
1449,BUY,1,17825.89999999981,17825.84999999981,0.0
1451,BUY,1,17825.89999999981,17827.839999999807,0.0055
1454,BUY,1,17825.89999999981,17827.52999999981,0.0083
1455,SELL,-1,17829.55999999981,17829.50999999981,0.0
